university,firstName,lastName,faculty,degree,answer0,answer1,answer2
Technical University of Cracow,Deny,Gemeau,Divape,Masters,7,6,5
"City University of New York, Graduate School and University Center",Teriann,Collelton,Lazzy,Bachelor,6,7,10
Bluffton College,Evelin,Bussens,Kaymbo,Masters,3,9,8
College of St. Mary,Maxim,Draco,Jabbertype,Bachelor,9,4,8
Fachhochschule Heidelberg,Meryl,Iffe,Voonyx,Bachelor,8,9,8
Duluth Business University,Rafa,Clausius,Jazzy,Bachelor,1,1,6
Northwest Missouri State University,Florida,Browse,Camido,Bachelor,5,8,9
Qassim University,Candice,Lackinton,Fivebridge,Masters,3,9,1
Kirikkale University,Hale,Lumb,Ntags,Bachelor,3,7,6
Reformed Theological Academy of Debrecen,Mellisa,Cohen,Babbleset,Masters,3,7,6
Notre Dame College,Noemi,Gwinnett,Mybuzz,Masters,10,10,7
Central University of Finance and Economics,Kalina,Fishpond,Leenti,Bachelor,2,1,1
Sapporo Gakuin University,Lilly,Raiman,Centimia,Bachelor,4,10,1
Nanzan University,Justen,Llewellyn,Blognation,Masters,10,7,7
State University of New York College of Technology at Alfred,Terence,Wandrich,Devcast,Masters,10,6,5
Universidad Nacional de Chimborazo,Vonny,MacMorland,Yabox,Masters,4,1,2
International Hellenic University,Seana,Grivori,Jetpulse,Bachelor,9,10,3
Harvard University,Jordan,Feavearyear,Kimia,Bachelor,6,4,5
Sam Houston State University,Adela,Kitlee,Jaxworks,Bachelor,9,9,6
Abai State University,Lilli,Murcott,Flipbug,Bachelor,7,10,8
Universidad Centro Occidental Lisandro Alvarado,Aldous,Flounders,Jaloo,Masters,2,9,8
Eastern College,Alan,McMeyler,Gabtune,Masters,5,3,9
"University of Computer Studies, Yangon",Levi,Figgs,Meemm,Masters,6,4,6
University of Durham,Sarette,Baysting,Devcast,Bachelor,8,3,5
El Colegio de México,Benn,Treadway,Gabtype,Masters,3,3,2
Universidade Federal da Bahia,Dawn,Fairfoul,Photospace,Bachelor,6,8,8
Escuela de Ingeniería de Antioquia,Jonathon,Huard,Kwinu,Masters,9,7,1
Institute of Clinical Social Work,Courtney,Willgoss,Cogidoo,Bachelor,3,3,10
STMIK AMIKOM Yogyakarta,Diann,Gaddas,Twimm,Masters,9,3,9
Auckland University of Technology,Pierson,Shankland,Trunyx,Bachelor,4,8,8
University of St. Jerome's College,Verne,Stokoe,Feedfish,Masters,4,5,7
Université de Béjaia,Elvin,McVrone,Yodo,Bachelor,3,6,8
Universiti Sultan Zainal Abidin,Anabel,Arlt,Devshare,Masters,1,7,10
German Jordanian University,Thorny,Cowley,Linkbridge,Bachelor,7,1,10
Iowa State University of Science and Technology,Zara,Ivatts,Skidoo,Bachelor,8,10,5
Universidad de Ciencias y Artes de Chiapas,Vinnie,Churn,Voomm,Bachelor,7,6,6
Nara Medical University,Dante,Arenson,Skidoo,Bachelor,6,3,4
University of the Philippines Visayas - Cebu High School,Dukie,Brabbs,Divape,Bachelor,10,8,5
University of Oulu,Kerk,Martinet,DabZ,Masters,1,6,1
Clearwater Christian College,Alister,Plumbe,Eayo,Masters,1,10,8
University of Manchester,Chrystal,Zumbusch,Quatz,Bachelor,8,6,4
Instituto Tecnológico de Santo Domingo,Bibby,Winston,Realpoint,Masters,6,7,9
Qiongzhou University,Abbie,Mettericke,Quinu,Bachelor,10,8,9
Marymount Manhattan College,Lu,Warbys,Linktype,Masters,1,4,3
Iran University of Science and Technology Tehran,Florri,Davidow,Tagopia,Bachelor,8,7,1
Ecole Nationale Supérieure d'Electronique et de Radioelectricite de Bordeaux,Lotte,Antoniat,Oyonder,Masters,2,8,5
Kyrgyz National University,Arel,Huggard,Lazz,Masters,5,7,3
Medical University Pleven,Marchall,Iacovucci,Centizu,Masters,9,1,8
Kawamura Gakuen Woman's University,Emery,Ewenson,Lajo,Masters,7,6,5
Kuzbass State Technical University,Jessie,Garvill,Leenti,Masters,9,9,9
"California State University, Bakersfield",Alexandros,Kenset,Flashpoint,Masters,8,10,4
Douglas College,Bay,Cattrall,Feedspan,Bachelor,2,2,8
University of North Carolina at Asheville,Filbert,Gask,Realpoint,Bachelor,10,4,3
Drzavni Univerzitet u Novom Pazaru,Schuyler,O'Leahy,Innojam,Masters,1,2,2
Divine Word College,Karee,Peyton,Ailane,Bachelor,9,6,8
School of the Museum of Fine Arts,Maia,Parratt,Dabtype,Bachelor,10,5,10
Mondragon Univertsitatea,Fanni,Vondrasek,Dablist,Masters,10,7,10
Air Force Institute of Technology,Nicholle,Boagey,Wikibox,Bachelor,5,6,5
Universidad Rey Juan Carlos,Hayes,Mathelin,Skaboo,Masters,7,1,7
California School of Professional Psychology - San Diego,Gibbie,Crollman,Edgepulse,Masters,9,2,7
Petroleum University of Technology,Nancy,Frodsham,Leenti,Bachelor,3,2,2
University of Maastricht,Karita,Jillis,Yodo,Bachelor,1,5,2
The College of Santa Fe,Fancie,Allman,Miboo,Bachelor,2,4,9
"Heythrop College, University of London",Zechariah,Dotson,Zoozzy,Bachelor,4,10,4
Universidad Nacional de Córdoba,Ysabel,Riccardi,Demimbu,Bachelor,8,5,8
Universitas Nusa Cendana,Omar,Bendson,Skimia,Bachelor,4,4,6
International Higher School for Advanced Studies Trieste,Sybyl,Pasterfield,Edgewire,Bachelor,2,3,2
Adamawa State University,Josselyn,Mileham,Muxo,Bachelor,6,8,6
"Islamic Azad University, Kerman",Mariele,Hayfield,Einti,Masters,9,3,7
"School of Oriental and African Studies, University of London",Charmine,Scolding,Skyndu,Bachelor,9,4,7
Wakkanai Hokusei Gakuen University,Amii,Raleston,Fivespan,Bachelor,2,2,4
Institute of Clinical Social Work,Tiertza,Deval,Jayo,Bachelor,7,2,10
Philadelphia University,Ericha,Basden,Realbuzz,Masters,6,10,5
Louisiana State University in Shreveport,Brena,Hadley,Kare,Masters,1,4,3
Talladega College,Darleen,Beckhouse,Camimbo,Masters,3,5,7
Chicago State University,Brianna,MacKain,Ntag,Masters,4,1,5
Jadara University,Ari,Reams,Trunyx,Masters,2,5,4
Kabul Medical University,Katharina,Drynan,Yacero,Masters,4,10,10
Humboldt State University,Benedicto,Harbar,Tagopia,Masters,4,7,2
Bogazici University,Jourdain,Petican,Zoomcast,Bachelor,7,3,2
"Universidad de La Salle, Bajío",Mayor,Huddlestone,Avavee,Masters,1,6,8
Sheffield Hallam University,Peder,Gorey,Latz,Masters,2,8,9
Hebei Agricultural University,Wyn,Meiningen,Linklinks,Masters,10,1,5
University College of Kristianstad,Rouvin,Kohlert,Fivespan,Masters,8,7,7
Universiti Tenaga Nasional,Loraine,MacTavish,Edgepulse,Masters,1,1,4
University of Szeged,Mick,Climie,Wikido,Bachelor,2,1,9
Aligarh Muslim University,Melessa,Scrivinor,Brainverse,Masters,1,3,8
Université d'Abomey-Calavi (UAC),Haley,Churching,Vinder,Masters,7,7,2
"California State University, Monterey Bay",Rosamund,Escofier,Agivu,Bachelor,3,8,2
Aarhus Technical College,Coriss,Manis,Babbleblab,Masters,10,3,9
Xi'an University of Electronic Science and Technology,Carina,Stallion,Skidoo,Bachelor,9,1,9
Warsaw School of Information Technology,Gussie,Omand,Demizz,Masters,7,9,5
Nankai University,Sax,McCleverty,Youfeed,Masters,3,6,10
Universitas Islam Malang,Colene,Jacobsz,Feedfire,Masters,8,10,6
Friedrich-Alexander Universität Erlangen-Nürnberg,Cherri,Cruce,Aivee,Bachelor,3,1,5
Oregon Graduate Institute of Science and Technology,Shanon,Mattaus,Demimbu,Masters,1,1,7
Debrecen University of Agricultural Sciences,Christoper,Filisov,Avamm,Bachelor,4,3,6
Western Kentucky University,Forster,Simmance,Wikizz,Masters,4,2,6
Trinity College of Music,Angelico,Proppers,Skiba,Bachelor,2,7,9
Tabari Institute of Higher Education,Jethro,Leimster,Twiyo,Masters,5,8,5
Universidad Autónoma Juan Misael Saracho,Shoshanna,Kneeland,Chatterpoint,Masters,5,6,5
Yasar University,Melli,Chance,Aivee,Masters,1,9,2
Michigan Technological University,Allianora,Whitcomb,Gigabox,Masters,9,8,6
University of Perugia,Idette,Dener,Oba,Masters,7,9,3
"Evangelische Fachhochschule Berlin, Fachhochschule für Sozialarbeit und Sozialpädagogik",Ban,McGilben,Wikivu,Masters,9,10,9
Instituto Superior de Gestão - ISG,Lesley,Luke,Shufflester,Masters,7,8,3
Universidad de Antioquia,Hadlee,Farrance,Trudoo,Bachelor,3,2,7
Universidad Adventista de Bolivia,Thorpe,Lindegard,Oloo,Bachelor,4,9,6
International College,Ida,Beaby,Devpulse,Bachelor,1,3,4
Instituto Universitario de La Paz,Zora,Ellissen,Aimbu,Bachelor,2,3,9
Centre d'Etudes Supérieures Industrielles Paris,Angela,Haithwaite,Quamba,Masters,3,10,7
University of Performing Arts in Bratislava,Sadye,Hyndson,Photolist,Bachelor,2,8,10
"American University of the Caribbean, Sint Maarten",Ursula,Hatton,Gigashots,Masters,3,9,1
Odlar Yurdu University,Tracie,Gasticke,Demizz,Bachelor,4,1,2
Universidad Americana,Adrianne,Thoumasson,Topicstorm,Bachelor,10,6,5
Universidad Dr. Andreas Bello,Gilberte,Caller,Oozz,Bachelor,9,1,1
Medizinische Universität Innsbruck,Augustina,Wellard,Rhynoodle,Masters,5,8,7
Baker College of Flint,Calvin,Sepey,Edgeclub,Masters,1,8,2
Institut Supérieur de Management et de Technologie (MATCI),Ann-marie,Espasa,Youspan,Masters,8,2,6
Arhangelsk State Technical University,Lindsay,Offa,Edgeblab,Masters,3,5,10
Al-Quds University - The Arab University in Jerusalem,Adams,Polgreen,Mycat,Masters,3,1,5
Moscow State University of Commerce,Trude,Berzin,Nlounge,Bachelor,10,6,8
Universidad de Granada,Husain,Snassell,Ainyx,Masters,9,6,2
"Fachhochschule Schwäbisch Hall, Hochschule für Gestaltung",Derek,Dyzart,Skyba,Masters,9,1,3
Universidad San Francisco de Quito,Hobey,Stenson,Brainsphere,Masters,1,5,2
Siebold University of Nagasaki,Percy,Gabbott,Oyonder,Bachelor,10,4,3
"Management Development Institute of Singapore, Tashkent",Eleen,Craxford,Thoughtsphere,Bachelor,1,8,6
Mokpo National Maritime University,Moritz,Toffanelli,Innotype,Masters,3,7,8
Smolny University,Petrina,Hebblethwaite,Ainyx,Masters,8,8,10
Universidad del Centro Educativo Latinoamericano Rosario,Marget,Capini,Podcat,Bachelor,5,5,1
University Goce Delcev,Jacynth,Lewinton,Aimbo,Bachelor,9,5,9
Southern University - Shreveport,Brandea,Carbry,Kimia,Masters,2,10,3
Universitas Lampung,Dory,Bowmaker,Feedfish,Bachelor,1,3,4
Al-Khair University,Bord,Appleyard,Jabbersphere,Masters,3,1,10
"City University of New York, Graduate School and University Center",Julianne,Ajean,Zoovu,Masters,10,5,8
Ewha Women's University,Verina,Kernley,Eare,Bachelor,4,8,6
"University of Education, Winneba",Darrel,Schimank,Jetpulse,Masters,8,3,1
Power and Water Institute of Technology,Penelope,Grayer,Photospace,Masters,4,2,3
Yamagata University,Osmund,Hobell,Topiczoom,Masters,3,3,6
Universidad Juan Misael Saracho,Laverne,Thrush,Feedfire,Bachelor,8,4,7
Loyola University of Chicago,Janetta,Jacquet,Jaxbean,Masters,3,6,5
Universidad de Playa Ancha de Ciencias de la Educacion,Ashli,Solomonides,Voomm,Bachelor,8,1,8
Sudan Academy of Sciences,Izabel,Nesbitt,Meezzy,Masters,2,5,1
Saga Medical School,Billye,Waber,Skynoodle,Bachelor,5,10,7
"City University of New York, Hunter College",Nariko,Chant,Quire,Masters,6,4,3
Divine Word College of Legazpi,Merrielle,Hindshaw,Jaxspan,Bachelor,7,2,3
Fukushima University,Angie,Bunker,Thoughtblab,Masters,6,7,7
Chongqing University of Post and Telecommunications,Isaiah,McQuode,Rhynoodle,Masters,10,1,7
Capital University,Janenna,Withrop,Agivu,Bachelor,1,2,8
St. Anne University,Kacey,Reckhouse,Youtags,Bachelor,2,9,5
School of Management,Adrien,Marfield,Meembee,Bachelor,5,6,4
Eurasian Institute of market,Erasmus,Rosin,Tazz,Bachelor,2,8,2
Cornish College of the Arts,Ellyn,Townley,Shufflester,Masters,5,5,1
Universidad Academia de Humanismo Cristiano,Marcelo,Loy,Realbridge,Masters,5,4,1
Universität für angewandte Kunst Wien,Karina,Dumbrill,Oyope,Bachelor,4,1,8
Nihon Fukushi University,Alfy,Janz,Talane,Masters,2,1,7
Hazara University,Philippa,Demann,Skidoo,Bachelor,8,7,7
Universidad Maimónides,Lisa,Apdell,Dynabox,Masters,3,9,7
Sabzevar Teacher Training University,Lock,Huband,Riffpedia,Bachelor,1,3,3
University of Banja Luka,Ambrosi,Eveleigh,Babbleblab,Bachelor,7,8,4
Universidad Rafael Urdaneta,Vannie,Kyne,Camimbo,Masters,7,1,8
North Island College,Roanne,Southall,Zoozzy,Bachelor,6,2,1
Toho University,Perry,Botha,Twimbo,Bachelor,4,8,1
Tribhuvan University Kathmandu,Beverie,Fasler,Viva,Masters,10,1,10
Trent University,Callie,Grishinov,Linkbuzz,Bachelor,7,9,10
Escuela Agricola Panamericana Zamorano,Gardie,Quarles,Wikizz,Masters,4,5,9
Universidad Nuevo Mundo,Inez,Lyven,Oyoba,Bachelor,6,6,8
Roskilde University,Loy,Kose,Devcast,Masters,3,8,6
University of Northeastern Philippines,Bram,Grichukhanov,Realbuzz,Bachelor,7,8,7
Greenford International University,Stoddard,Hencke,Skajo,Masters,10,6,8
University of Science and Arts of Oklahoma,Rivy,Ganders,Mybuzz,Bachelor,2,9,3
Kennesaw State University,Sonnie,Edlin,Eayo,Bachelor,9,9,7
Ufa State Petroleum Technological University,Ruperto,Neissen,Chatterpoint,Bachelor,5,3,7
Krirk University,Russell,Clohissy,Gabcube,Bachelor,8,4,9
Universitas Bung Hatta,Analise,Roser,Jayo,Bachelor,10,7,2
University of Hertfordshire,Martina,Dominey,Topicstorm,Bachelor,1,5,6
California School of Professional Psychology - San Diego,Alasdair,Abthorpe,Wordify,Masters,3,4,10
Instituto Politécnico de Beja,Meyer,Proven,Katz,Bachelor,8,10,7
Capital University Law School,Anica,Le Fevre,Teklist,Bachelor,8,6,6
Universidad Privada Juan Mejía Baca,Bank,Markwelley,Thoughtsphere,Masters,8,9,8
Western Oregon University,Prent,Horlick,Eare,Bachelor,2,2,1
Buena Vista University,Dalenna,Bedbrough,Devpoint,Bachelor,10,6,6
Mount St. Clare College,Weston,Astridge,Photospace,Bachelor,9,10,10
Campus Bio-Medico University of Rome,Emelia,Carty,Edgeblab,Bachelor,1,9,5
Universidad Salesiana de Bolivia,Levy,Dyton,Vinder,Bachelor,8,2,7
Art Institute of Southern California,Sebastiano,Perrinchief,Eabox,Bachelor,10,8,10
Universidad Nacional de San Luis,Eberto,Iacoboni,Zoombeat,Bachelor,1,6,8
Jiangxi Normal University,Violette,Pyatt,Aimbu,Masters,4,9,6
Technical University of Wroclaw,Conchita,Marrion,Jaloo,Bachelor,8,2,3
Baylor University,Manny,Morteo,Meembee,Masters,1,4,9
Perm State University,Yoko,Crosby,Skiptube,Bachelor,2,9,7
Vongchavalitkul University,Annelise,Dallan,Dabtype,Masters,3,1,5
Binh Duong University,Flem,Grinaugh,Zooxo,Masters,1,10,6
"Islamic Azad University, Majlesi",Dina,Selesnick,Browsezoom,Bachelor,5,5,1
Azad Jammu and Kashmir University,Clementine,Bridell,Yodel,Masters,1,1,6
University of South Carolina - Salkehatchie,Pennie,Creasey,Zoovu,Bachelor,10,1,6
Universidad Nacional de Villa María,Alysa,Plumley,Realbridge,Masters,8,10,1
Anhui University of Traditional Chinese Medicine,Leontyne,Kunkel,Oyonder,Bachelor,2,9,8
Shimane University,Fidelio,Rippingale,Avamm,Masters,5,5,10
Shaanxi Normal University,Romola,Allard,Tavu,Bachelor,4,4,9
Berhampur University,Vassily,Levings,Yacero,Masters,9,8,7
Ho Chi Minh City University of Architecture,Ursala,Peele,Topicstorm,Masters,2,1,2
National University of Laos,Donella,Kimber,Livetube,Masters,6,1,10
Central Institute of Fisheries Education,Francesca,Sunley,Chatterbridge,Masters,7,9,7
Ibra College of Technology,Morgan,Shand,Twinder,Bachelor,4,2,5
Flagler College,Damiano,Bestwick,Agimba,Bachelor,10,9,7
Escuela de Ingeniería de Antioquia,Madonna,Chmiel,Aibox,Masters,1,9,9
Pädagogische Hochschule Karlsruhe,Loella,Aymerich,Fivespan,Masters,3,5,5
Universitas Kristen Krida Wacana,Christel,Dunsford,Zooveo,Masters,1,4,9
Kansas City Art Institute,Allissa,Collett,Realpoint,Masters,4,6,3
Guru Nanak Dev University,Kelci,Roth,Jabberbean,Masters,6,5,5
Jahangirnagar University,Nigel,Byneth,Chatterpoint,Masters,4,2,5
Cedar Crest College,Daveta,Gooderridge,Skyvu,Bachelor,4,2,10
Universidad Tecnológica de El Salvador,Basilius,Garthside,Eayo,Bachelor,4,2,1
Williams Baptist College,Marjy,Hadwen,Einti,Bachelor,2,3,8
Wesley University of Science and Technology,Harriott,Rudeyeard,Twiyo,Masters,3,7,4
Kushiro Public University of Economics,Babbie,Lloyds,Yombu,Masters,8,9,8
University of Science and Technology of China,Gene,Canavan,Yodoo,Bachelor,1,10,2
Northwest Christian College,Inga,Praill,Riffpath,Bachelor,4,3,5
University of Trnava,Berny,Doherty,Meejo,Masters,6,7,2
Université Montesquieu (Bordeaux IV),Nessy,Hennington,Wikizz,Bachelor,9,3,9
Bosaso College,Lin,Weins,Twinte,Masters,5,3,8
United States Naval Academy,Dolores,Breach,Linklinks,Bachelor,5,9,9
University of Pittsburgh,Eimile,Huortic,Pixonyx,Masters,6,1,10
Kushiro Public University of Economics,Perren,Becke,Rhybox,Masters,8,2,2
Canadian Sudanese College,Florrie,Askaw,Innojam,Masters,8,6,6
Technological Education Institute of Thessaloniki,Norby,Cownden,Tambee,Masters,10,1,1
Notre Dame of Marbel University,Theo,Jelks,Skaboo,Bachelor,2,3,1
Universitas Semarang,Jonis,Dartan,Zoomdog,Bachelor,10,9,8
Columbia College Hollywood,Cherish,Growcott,Tazz,Bachelor,5,9,1
University of Mary Hardin-Baylor,Maighdiln,Leyre,Meejo,Bachelor,7,3,2
"Indian Institute of Technology, Hyderabad",Joane,Lauthian,Eire,Bachelor,8,4,1
Valparaiso University,Idalina,Doulton,Kaymbo,Bachelor,4,8,1
People' s Friendship University of Russia,Mamie,Binnell,Chatterpoint,Masters,9,4,7
Ecole d'Architecture de Nancy,Laney,Bullman,Skinte,Masters,6,4,3
Pontifícia Universidade Católica do Rio Grande do Sul,Constanta,Jurkowski,Trupe,Masters,8,3,9
Universidad Lasallista Benavente,Celestine,Parlor,Demimbu,Masters,9,7,3
Future University,Carmelle,Pedrazzi,Photobug,Bachelor,1,9,2
University of Bradford,Abby,Hursey,Browsebug,Bachelor,2,2,5
Jinnah University for Women,Vasily,Leate,Jamia,Bachelor,9,10,2
Universidad Pablo de Olavide,Lamont,Kuhn,Jatri,Masters,2,7,6
King Mongkut's University of Technology Thonburi,Anita,Disbury,Oyoloo,Bachelor,5,10,6
Universidad Católica Cecilio Acosta,Kerstin,Rubinek,Lazzy,Bachelor,3,5,1
Universidade de Brasília,Claudina,Castanone,Topdrive,Masters,6,2,8
Dongseo University,Ramon,Wilcinskis,Realpoint,Bachelor,1,10,4
Huazhong University of Science and Technology,Candis,Ruvel,Oba,Masters,7,6,3
Moscow External University of the Humanities,Daune,Geroldi,DabZ,Masters,4,2,6
"City University of New York, School of Law at Queens College",Benetta,Weldrick,Realpoint,Masters,1,2,6
Universidad Intercontinental,Desi,Furzer,Janyx,Bachelor,9,7,5
Delhi College of Engineering (DCE),Maury,Baumber,Aibox,Masters,2,8,9
Mount Senario College,Morgun,Rosengarten,Mydeo,Masters,8,7,9
Saxion Universities ,Barret,Flynn,Browsecat,Bachelor,9,6,3
Cross River University of Science and Technology,Garrot,Pennacci,Jaxworks,Masters,10,10,5
Green University of Bangladesh,Katrine,Follett,Gabtune,Masters,8,5,8
Curry College,Bibi,Jales,Fanoodle,Masters,8,10,1
Polytechnic Institute of Turin,Johna,Kopta,Fadeo,Masters,6,9,3
Kaduna State University,Peder,Gainseford,Skiba,Masters,8,3,6
Campbell University,Ezra,Pennock,Kayveo,Masters,2,1,10
Samchok National University,Lydia,Beecker,Edgeify,Bachelor,4,7,3
National Fisheries University,Falito,Sargood,Twiyo,Masters,8,10,4
American University of Kuwait ,Nichole,Raycroft,Talane,Bachelor,6,3,4
St. Louis University,Dusty,Stoad,Janyx,Bachelor,3,10,8
Institute of Management Development - Ohrid,Lindi,Upex,Brightbean,Bachelor,5,6,2
Vali-e-Asr University,Nada,Sawfoot,Trudeo,Bachelor,2,1,1
Inje University,Janenna,Ridsdell,Demimbu,Bachelor,3,8,1
Universidad Alas Peruanas,Guendolen,Ownsworth,Twitterworks,Masters,5,7,10
Tyumen State University,Griff,Lintot,Abata,Masters,5,9,9
Hilbert College,Wini,Berzons,Fivechat,Masters,6,7,8
Universidad La Gran Colombia,Maire,Chatten,Innotype,Bachelor,8,9,7
Southern Denmark Business School,Der,Edison,InnoZ,Masters,2,8,10
University of Moratuwa,Nathanael,Wrangle,Voomm,Masters,8,9,3
Pontifcia Università Gregoriana,Taber,Vinnick,Flashdog,Masters,7,5,4
Drexel University,Zsa zsa,Trench,Meedoo,Masters,2,2,4
Universidad Nacional Evangélica,Meredith,Braunston,Devify,Bachelor,9,7,9
Universitas Merdeka Malang,Alisun,Canwell,Gabvine,Bachelor,10,5,9
University of Indianapolis,Catina,Dacca,Mycat,Masters,8,1,10
"Universidad Técnica de Esmeraldas ""Luis Vargas Torres""",Fawne,Sainz,Latz,Bachelor,6,2,5
St. Marianna University School of Medicine,Dukey,Winward,Browsezoom,Bachelor,3,9,1
"Fachhochschule Nürtingen, Hochschule für Wirtschaft, Landwirtschaft und Landespflege",Eydie,Grabbam,LiveZ,Masters,1,5,1
Medical Academy in Lublin,Nicolette,Enston,BlogXS,Masters,5,10,4
Technological University (Mandalay),Krishnah,Shuttleworth,Kayveo,Bachelor,6,3,1
Urumqi Vocational University,Cinda,MacCurley,Kwimbee,Bachelor,5,4,4
Wofford College,Lynnet,Newrick,Avaveo,Bachelor,3,1,6
Kostroma State Technological University,Milly,Traill,Bluezoom,Bachelor,3,2,8
Buckinghamshire New University,Jobi,Penniell,Browsedrive,Bachelor,2,9,5
Pennsylvania State University - Berks-Lehigh Valley College,Isabelita,Wordington,Fatz,Bachelor,3,7,10
Makerere University,Janina,McAulay,Tagchat,Masters,4,4,10
"Institute of Teachers Education, Kota Bharu",Kalil,Kyston,Kanoodle,Masters,3,1,10
The Superior College ,Sutton,Cantera,Trupe,Bachelor,2,10,1
China Three Gorges University,Martie,Folds,Gigazoom,Bachelor,2,10,2
Gdynia Maritime Academy,Abdel,Brownsill,Buzzdog,Masters,10,7,7
Universidad del Valle de Atemajac,Shaine,Blanpein,Voolith,Masters,9,5,3
Samara State Technical University,Arni,Petchey,Zooxo,Masters,10,8,8
St. Petersburg State University of Engineering and Economics,Merilyn,Heak,Jatri,Masters,3,3,8
University of Southern Maine,Harcourt,McGerraghty,Leenti,Masters,5,7,8
"Hochschule für Bankwirtschaft (HfB), Private Fachhochschule der Bankakademie",Alonso,Kellett,Einti,Bachelor,4,8,10
University of the Philippines Manila,Leticia,Robrose,Tavu,Masters,5,10,7
Oglethorpe University,Lebbie,Gibb,Dabshots,Masters,4,2,6
Manila Central University,Cooper,Oxteby,Thoughtmix,Masters,7,10,2
Universidad Autónoma de Chapingo,Terri,Aymeric,Babbleblab,Bachelor,8,8,2
Emeq Yizrael College,Kerrie,Matejic,Trilia,Masters,7,10,2
Institut Supérieur de Gestion de Tunis,Zora,Sheirlaw,Mudo,Masters,7,4,4
Chatham College,Wolfie,Hirtz,Skipstorm,Bachelor,7,5,1
Institute of Technology and Management,Lenora,Pedrazzi,Skyble,Masters,4,3,8
University of Vermont,Christophe,Rosenwasser,Dabfeed,Bachelor,8,4,3
Dawat University,Kelsey,Garie,Bluejam,Bachelor,7,1,4
University of Delhi,Rodrique,Courtenay,Twitterlist,Masters,7,6,3
"School of Oriental and African Studies, University of London",Dynah,Hatchman,Skippad,Masters,7,10,2
Huaihua Radio and Television University,Nichol,Cloke,Edgewire,Masters,5,5,7
Nanjing Institute of Meteorology,Terencio,Lathom,Jabbertype,Masters,9,1,10
Universidad de Celaya,Starlin,Boissier,Yakitri,Bachelor,2,4,3
Gift University,Lauree,Langforth,Snaptags,Masters,9,3,6
Institute of Clinical Social Work,Merrel,Middlemass,Youspan,Masters,3,3,2
Puget Sound Christian College,Tobin,Pfaff,Skipstorm,Bachelor,2,8,9
Heritage College,Lucio,Cawtheray,Yodel,Bachelor,1,3,6
Bauhaus Universität Weimar,Vlad,Reese,Feedbug,Masters,1,1,7
University of Sindh,Griff,Elgood,Teklist,Masters,4,6,2
Kazan State University of Technology,Kesley,Burcombe,Wikivu,Bachelor,1,5,1
Universitas Gunadarma,Ferguson,Pilgrim,Lazz,Masters,6,4,7
Textile Institute of Pakistan,Robinett,Dellit,Demivee,Bachelor,8,6,1
University of Ioannina,Shirl,Forestel,Roodel,Bachelor,4,9,1
Universität Regensburg,Terza,Rijkeseis,Katz,Bachelor,2,4,1
University of Northern Virginia,Siward,Kleinstein,Tagtune,Masters,7,8,10
University of Cassino,Greggory,Yurocjkin,Babbleset,Masters,2,3,6
Atatürk University,Belva,Northage,Jaloo,Bachelor,1,8,4
"Islamic Azad University, Hamedan",Jolene,Valder,Buzzdog,Masters,7,6,8
University of Peshawar,Olimpia,Togher,Katz,Masters,9,3,7
Hebei University,Floria,Thurlow,Livetube,Masters,9,7,3
Kagawa Institute of Nutrition,Joyan,Luffman,Trudoo,Masters,9,10,3
Nicolaus Copernicus University of Torun,Lorens,Guilaem,Realfire,Bachelor,6,10,4
Université des Sciences Humaines (Strasbourg II),Evered,Burrus,Oozz,Bachelor,9,2,6
Musashi Institute of Technology,Mellisent,Yuille,Zoomcast,Masters,1,8,7
Kuwait International Law School,Jackqueline,Samson,Quatz,Bachelor,5,8,5
Universidad Adventista de Colombia,Brittaney,O'Hegertie,Jetwire,Bachelor,9,4,9
"Universidad Nacional de La Libertad, Trujillo",Oran,Wheble,Thoughtstorm,Bachelor,10,6,7
Russian Academy of Arts,Burton,Bysouth,Voomm,Bachelor,5,1,9
University of Applied Sciences Aargau,Lea,Castello,Photospace,Bachelor,8,6,1
"Universidad de Puerto Rico, Carolina",Ninon,Aveling,Browsecat,Bachelor,5,2,8
University of Wyoming,Vannie,Colliar,Mymm,Bachelor,3,5,4
ITT Technical Institute West Covina,Norry,Twallin,Twitternation,Masters,3,7,2
Maranatha Baptist Bible College,Clotilda,Trinkwon,Zoomzone,Masters,10,9,6
"Yorker International University, Milano",Melissa,Dampney,Tagpad,Bachelor,7,6,4
Lagos City Polytechnic,Thorn,Dyneley,Gabtune,Masters,3,6,10
Ecole Supérieure d'Ingénieurs en Génie Electrique,Joellen,O'Reilly,Zoozzy,Masters,1,7,4
IDRAC (Institut de recherche en action commerciale),Janella,Mapledoore,Ozu,Bachelor,5,3,2
Kutztown University of Pennsylvania,Teodora,Nelissen,Quaxo,Bachelor,6,2,4
"Rutgers, The State University of New Jersey - Camden",Lorene,Wyness,Cogibox,Masters,7,4,4
Universidad Católica Argentina Santa Maria de los Buenos Aires,Andre,Rickersy,Wordware,Masters,2,5,4
Asahikawa Medical College,Angela,Joslow,Bubblemix,Masters,5,7,8
"University of California, Oakland",Fulton,Slatten,Oyondu,Masters,10,4,1
Northern Alberta Institute of Technology,Rose,Taillard,Gabtype,Masters,6,7,6
Shanghai University,Tiphany,O'Hallagan,Yamia,Bachelor,4,5,2
Medical University Plovdiv,Rhett,Lomond,Skalith,Masters,8,2,1
Universidad de Alcalá de Henares,Adolf,Nevitt,Eazzy,Bachelor,7,8,3
Universidad Católica Santo Toribio de Mogrovejo,Maynord,Croote,Dazzlesphere,Masters,7,8,9
Kermanshah University of Technology,Ted,Domenget,Dynava,Bachelor,10,2,7
Universitas Sumatera Utara,Neal,Stilgoe,Flashset,Masters,4,8,3
London College of Science & Technology,Kikelia,Spehr,Centimia,Bachelor,6,7,5
Nanjing University of Science and Technology,Josie,Stow,Realcube,Masters,8,4,6
Silpakorn University,Jimmy,Biasioli,Shufflester,Masters,6,2,8
Technological University (Thanlyin),Tisha,Berridge,Tagchat,Bachelor,5,1,9
Oita Medical University,Laetitia,Suggate,Topicstorm,Masters,10,5,1
"Institute of Teachers Education, Ipoh",Gerri,Vasilischev,Yoveo,Bachelor,1,6,9
Sonoma State University,Miltie,Rohlf,Roodel,Masters,2,1,10
National Taiwan Normal University,Cleveland,Levet,Photojam,Masters,2,7,10
National Formosa University,Lucho,Presho,Realmix,Bachelor,6,10,3
Europa-Universität Viadrina Frankfurt (Oder),Selig,Wellwood,Realfire,Masters,3,3,1
Heriot-Watt University,Debera,Pennrington,Edgewire,Masters,10,9,7
Pontificia Universidad Catolica de Chile,Hodge,Levens,Demimbu,Masters,4,2,3
Hallym University,Chance,Juschka,Gabtype,Bachelor,5,2,8
Ecole Nationale Supérieure de Chimie et de Physique de Bordeaux,Maxy,Lynagh,Photofeed,Masters,10,9,1
Universidad del Magdalena,Latisha,Phillcock,Realmix,Masters,5,9,3
Pavol Jozef Safarik University in Kosice,Anne-corinne,Yakhin,Voonix,Masters,7,1,4
Université de la Polynésie Française,Merrili,Bigland,Npath,Bachelor,7,10,3
Alice-Salomon-Fachhochschule für Sozialarbeit und Sozialpädagogik Berlin,Packston,Davydychev,Kwideo,Bachelor,5,6,9
Fuzhou University,Fairleigh,Kleinsmuntz,Skinder,Masters,6,2,9
Kochi Medical School,Sashenka,Buggs,Livepath,Bachelor,1,3,5
Boston Architectural Center,Ivett,Bark,Skilith,Bachelor,2,7,4
King Abdul Aziz University,Patti,Aylwin,Vinder,Bachelor,9,2,7
Aria Institute of Higher Education,Andrei,McSkin,Browsedrive,Masters,3,6,7
Punjab University College of Information Tecnology,Matthew,Seabrocke,Lazz,Masters,5,9,5
Universitas Pasundan,Dodi,McSporon,Yakidoo,Masters,3,3,7
Universidad Autónoma de Nayarit,Merrily,Beresfore,Jabbersphere,Bachelor,10,4,8
Kabarak University,Brynn,Jakobssen,Kanoodle,Masters,5,2,5
Saitama Medical School,Rosalinda,Guiot,Pixope,Masters,5,3,6
Flinders University of South Australia,Cortney,Covert,Divanoodle,Masters,5,1,10
Niigata College of Pharmacy,Jobye,Killeen,Oyoba,Masters,1,9,7
Universidad Tecnológica San Antonio de Machala,Lucio,Mendoza,Oyondu,Bachelor,6,7,1
Emmanuel College,Jandy,Lauridsen,Centimia,Bachelor,10,3,1
Olabisi Onabanjo University ,Orelee,Leming,Skipfire,Bachelor,4,2,4
Universitas Negeri Jakarta,Anabel,Minghi,Yamia,Masters,8,4,2
Montana State University,Claresta,Charnick,Oodoo,Masters,9,2,9
Nicolaus Copernicus University of Torun,Toinette,Angrave,Devify,Bachelor,9,2,8
Lupane State University,Fidelity,Blakey,Jabbersphere,Bachelor,9,5,5
Bartlesville Wesleyan College,Janeta,Patridge,Centimia,Masters,3,8,9
"Instituto Politécnico Nacional, Campus Guanajuato",Evelina,Allenson,Zooveo,Masters,4,5,5
Chinese Culture University,Carlie,Binny,Kwilith,Masters,7,8,2
Academy of Economics in Katowice,Rosalind,Leydon,Jamia,Bachelor,8,3,9
New Economic School,Jae,Goade,Skyba,Bachelor,8,5,9
Veritas University,Oralle,Pidgeley,Buzzdog,Masters,4,8,10
COMSATS Institute of Information Technology,Masha,Hatter,Tazz,Bachelor,5,3,2
Handelshochschule Leipzig,Gaynor,Bellringer,Eayo,Bachelor,2,10,10
University of Tasmania,Dina,Casbolt,Edgeify,Masters,8,2,6
Internationle Akademie für Philosophie,Almeda,Profit,Buzzdog,Bachelor,7,3,5
El Colegio de México,Carr,Neilands,Skalith,Bachelor,10,4,4
Pädagogische Hochschule Ludwigsburg,Kelly,Tetsall,Twitterlist,Bachelor,5,2,10
Yeshiva University,Janith,Hendren,Vinte,Masters,6,2,7
Dhaka International University,Mill,McLewd,Bubblemix,Masters,9,1,10
Universität Augsburg,Vanya,Lages,Snaptags,Bachelor,10,5,1
Ohio State University - Marion,Ronica,Borland,Layo,Bachelor,10,9,2
Free International University of Moldova,Chelsie,Cargill,Tagopia,Bachelor,1,5,2
Adnan Menderes University,Melanie,Skelhorn,Voonyx,Masters,1,10,10
Matsumoto Dental University,Wren,Delyth,Quinu,Bachelor,8,9,4
Ufa State Aviation Technical University,Maia,Assiratti,Roodel,Bachelor,3,6,3
Daniel Webster College,Norry,Gendrich,Mymm,Bachelor,4,2,4
Université Mentouri Constantine,Miguela,Yvens,Wordware,Bachelor,10,8,10
Norton University,Pate,Spaxman,Yozio,Bachelor,6,2,8
University of Wamia and Masuria in Olsztyn,Garth,Girardeau,Feedmix,Bachelor,6,2,1
Universidade do Grande Rio,Thaddeus,Trevaskus,Tagpad,Bachelor,10,10,3
Aomori University,Zelma,Gofton,Youopia,Bachelor,6,6,10
"Yorker International University, Milano",Candra,Imrie,Brainverse,Bachelor,5,5,8
Université Pierre et Marie Curie (Paris VI),Annabelle,Bromhead,Rhyzio,Masters,6,4,7
Escuela Bancaria y Comercial,Ranna,Minshaw,Shufflester,Bachelor,5,6,6
Kodolanyi Janos University College,Lev,Persent,Divavu,Bachelor,3,9,8
Poole Gakuin University,Hana,Holcroft,Centizu,Bachelor,3,4,5
Baskent University,Allianora,Prosh,Twimm,Masters,4,4,5
Sur University College,Errick,Weth,Topdrive,Bachelor,2,3,3
Alice Lloyd College,Matteo,Portchmouth,Vidoo,Bachelor,6,10,6
Universiti Malaysia Kelantan,Milt,Muccino,Bubblebox,Bachelor,2,2,7
Universität Siegen,Jone,Harrema,Eayo,Bachelor,6,6,2
Kigali Independent University,Emlynn,Prue,Janyx,Masters,7,4,6
Shahrood University of Medical Sciences,Arch,Lynock,Flipbug,Masters,10,8,10
Khabarovsk State University of Technology,Ardath,Sherme,Skalith,Bachelor,3,9,5
University of Mobile,Evanne,Rasch,Fiveclub,Bachelor,10,5,8
Temple University Japan,Filberte,Eddisforth,Oyoloo,Masters,8,6,7
University of Florence,Stacey,Brakewell,Zoombeat,Masters,6,4,10
National Yang Ming Medical College,Clerkclaude,Vamplers,Zoozzy,Masters,5,3,9
Institut National Polytechnique de Lorraine,Jabez,Arnaldy,Thoughtstorm,Bachelor,1,4,6
Vidyasagar University,Francisco,Spencer,Skippad,Bachelor,2,10,6
Universidade Federal do ABC,Aloise,Kahen,Kimia,Masters,6,8,1
"National Institute of Technology, Jamshedpur",Spike,Goundry,InnoZ,Masters,7,1,7
Ecole Nationale Supérieure des Mines de Nancy,Myrtia,Raynham,Digitube,Bachelor,5,7,7
Universidad Iberoamericana,Melodee,Ellcock,Myworks,Bachelor,2,9,9
International Medical University,Lanita,Kluger,Linkbridge,Masters,8,1,8
Hungarian Academy of Fine Arts Budapest,Ines,McDonell,Tazz,Bachelor,10,8,6
Iran University of Medical Sciences,Georgeanna,Schwieso,Browsecat,Masters,3,2,1
Latvian Academy of Music,Chase,Haeslier,Vitz,Masters,10,2,2
Centre College,Joannes,Stroband,Flashdog,Bachelor,9,6,7
University of Oklahoma Health Sciences Center,Warden,Matchitt,Innojam,Bachelor,6,9,5
National Central University,Antonie,Ramas,Skaboo,Bachelor,8,9,7
Pomeranian Academy of Medicine in Szczecin,Bea,Fright,Meejo,Bachelor,6,1,2
China Agriculture University East,Kristyn,Pimblett,Myworks,Bachelor,10,8,4
Bu Ali Sina University,Rois,Shippard,Linktype,Masters,2,5,4
HWP - Hamburger Universität für Wirtschaft und Politik,Casie,Paddefield,Fadeo,Bachelor,1,1,2
Université Hassan Ier - Settat,Symon,Dumbare,Lazzy,Masters,6,1,6
Czech University of Agriculture Prague,Dare,Twelvetree,Eabox,Bachelor,8,4,7
Fu Jen Catholic University,Aubry,Mundford,Gabspot,Bachelor,7,5,9
Oita University,Heath,McLaren,Katz,Bachelor,10,10,5
University of Warwick,Annabel,Domsalla,Tavu,Masters,6,8,6
City University College of Science and Technology,Ardelis,Chafer,Aivee,Masters,7,6,1
Memphis College of Art,Thomasine,Mackiewicz,Feedmix,Bachelor,7,8,5
Universidad Nacional de Catamarca,Dalton,Dadd,Kimia,Bachelor,8,6,3
University of the Cordilleras,Ty,Lindenman,Plambee,Masters,5,5,6
Universidad Nacional de Formosa,Nevil,Ughetti,DabZ,Masters,3,3,5
University of Naples Federico II,Aubrey,Aasaf,Dabfeed,Bachelor,9,4,2
Centre Universitaire de Tiaret,Di,Kiernan,Topiczoom,Bachelor,2,4,1
Universidad Nacional Pedro Henríquez Ureña,Olympie,Fishe,Podcat,Bachelor,3,8,9
"Washington State University, Vancouver",Coretta,Ebbotts,Divanoodle,Bachelor,6,9,3
Technological University (Lashio),Enrique,Caplin,Podcat,Bachelor,7,5,9
Universidad Nacional de Luján,Alex,Worthington,Voonix,Masters,4,6,5
"CollegeAmerica, Denver",Wood,Armall,Youspan,Bachelor,5,2,10
"Physical Education Academy ""Eugeniusz Piasecki"" in Poznan",Hillery,Logsdail,Meevee,Bachelor,1,6,6
Leiden University,Hewitt,Leband,Quamba,Bachelor,3,7,9
Private Hanseuniversität,Normand,Farryn,Roombo,Bachelor,2,5,6
Thomas Aquinas College,Vicky,Clevely,Vitz,Masters,6,5,3
Universitas Muhammadiyah Magelang,Nancy,Heaffey,Dynava,Masters,9,8,3
 Technological University (Yangon),Orsola,Aldie,Brainbox,Bachelor,4,5,9
Universidad Abierta Para Adultos,Ginnie,Terris,Yakidoo,Masters,7,7,9
American Graduate School in Paris,Maxwell,Pohlak,Skyndu,Masters,2,6,4
Technical University of Gabrovo,Sisely,Backshell,Snaptags,Masters,6,9,5
Sapporo Medical University,Carlos,Ginity,Photobean,Bachelor,6,7,1
Delft University of Technology,Fred,Duligall,Browseblab,Bachelor,9,6,6
Thi Qar University,Jorgan,Kurton,Skynoodle,Masters,8,8,4
Université de Kolwezi,Berthe,Leeke,Linkbuzz,Masters,10,1,5
Sri Venkateswara Institute of Medical Sciences,Gram,Thomen,Omba,Bachelor,5,2,1
Audrey Cohen College,Maggy,Domelow,Thoughtbridge,Bachelor,10,4,5
Internationale Fachhochschule Bad Honnef,Zebulen,Lesser,Twitternation,Bachelor,6,2,8
Missouri Valley College,Caresse,Paulack,Linkbridge,Masters,4,9,3
Universidad de Mendoza,Elinor,Pockey,Flipbug,Bachelor,4,10,9
University of Palermo,Melany,Hurlston,Digitube,Bachelor,8,6,1
University of Huddersfield,Darice,Abbots,Lajo,Masters,5,6,9
Xihua University,Myrtie,Casserly,Dynabox,Masters,2,8,9
Fahad Bin Sultan University,Jolyn,Margerison,Quaxo,Masters,7,3,5
Cheyney University of Pennsylvania,Gaspard,Ward,Skimia,Masters,6,10,2
Rockhurst College,Siouxie,Fiddymont,Geba,Masters,3,2,6
Puget Sound Christian College,Hilliard,Freebury,Mynte,Masters,6,6,7
Baikal National University of Economics and Law,Clo,Joska,Skinix,Bachelor,2,3,7
Cornell University,Jasmina,Wethey,Devshare,Bachelor,2,5,3
Ross University Caribbean School of Veterinary Medicine,Ursulina,Buddock,Photofeed,Masters,2,9,8
Ecole Nationale Supérieure d'Electronique et de Radioelectricite de Grenoble,Mona,Mcimmie,Teklist,Masters,8,5,5
Hamline University,Kelcie,Odde,Chatterpoint,Masters,7,8,7
McGill University,Ania,Blyden,Kanoodle,Bachelor,6,6,10
The Naropa Institute,Quincey,Arnholtz,Roodel,Bachelor,2,8,3
Wawasan Open University,Caryn,Gannicott,Voomm,Masters,4,9,8
Karatina University,Sheree,Cuesta,Demimbu,Masters,8,2,8
Pennsylvania Academy of the Fine Arts,Harrie,Tebboth,Flashspan,Bachelor,9,9,9
Texas Tech University Health Science Center,Fields,Pulhoster,Quire,Bachelor,3,4,8
Tyumen State University,Travis,Follett,Katz,Masters,9,2,10
Universitas Negeri Makassar,Ilyse,Beaushaw,Fiveclub,Masters,10,8,9
University of Lapland,Charlean,Bassom,Plambee,Bachelor,7,8,3
Pan-African University,Yolane,Beauchop,Dynazzy,Masters,4,9,3
Université de Kolwezi,Gayleen,Coulsen,Fiveclub,Masters,5,1,1
American University of Beirut,Ibby,Tugwell,Jabbersphere,Masters,5,6,8
Kagoshima Women's College,Elna,Klimowski,Lajo,Bachelor,7,4,3
Jazan University,Angel,Londing,Flashset,Bachelor,5,4,9
Bengal Engineering College,Conroy,Dosedale,Zoombeat,Masters,6,7,5
"Birkbeck College, University of London",Tricia,Vine,Vimbo,Bachelor,8,5,1
Shannon College of Hotel Management,Ferdinanda,Staden,Tavu,Masters,5,2,7
Kanda University of International Studies,Devina,Bradburn,Fivespan,Masters,4,4,10
University of Reading,Sullivan,Kinkaid,Voonyx,Masters,3,5,7
"International University of Fundamental Studies, St. Petersburg",Vannie,Spykings,Zoomdog,Masters,4,8,3
College of Visual Arts,Carolina,Sandell,Mynte,Masters,5,1,8
Aomori Chuoh Gakuin University,Belle,Fireman,Ainyx,Bachelor,6,8,7
University of Liberal Arts,Griz,Dawe,Vimbo,Bachelor,10,4,9
Universiteit Doesburg (UNDO),Jecho,Vizor,Vidoo,Masters,4,5,8
University of Puget Sound,Novelia,Orr,Kazu,Bachelor,7,5,10
Fakir Mohan University,Danita,Hammond,Centizu,Masters,9,2,9
University of the Southern Caribbean,Tiffy,Unger,Kare,Masters,7,7,10
Imam Khomeini International University,Gage,Ruffler,Ntags,Bachelor,3,1,9
Dominican College of Philosophy and Theology,Carole,Drieu,Katz,Bachelor,3,6,6
University of Northumbria at Newcastle,Madelle,Fells,Rhyzio,Bachelor,4,3,3
Korea National University of Education,Matelda,Renshaw,Tazz,Masters,2,8,3
Toyama University of International Studies,Sayre,Stille,Gigashots,Bachelor,5,8,3
The Achievers University,Lorette,Colson,Feedspan,Masters,1,1,3
Asa University Bangladesh,Mariele,Overnell,Vitz,Bachelor,8,3,6
Grodno State Agrarian University,Mattheus,Berkeley,Devpoint,Bachelor,5,4,8
Universitas Ma Chung,Davon,Habbal,Trudeo,Masters,3,6,4
Pusan Women's University,Mattie,Hatchman,Demizz,Bachelor,9,5,3
Shantou University,Galina,Stansell,Ailane,Masters,6,5,3
Slobomir P Univerzitet,Pattie,Borley,Yotz,Masters,8,10,9
Lynchburg College,Nessie,Fishby,Zoonoodle,Bachelor,2,5,7
STMIK Sinar Nusantara,Adora,Prudence,Skaboo,Masters,10,4,6
Nagaoka University of Technology,Terese,Ridge,Gigabox,Bachelor,4,9,4
College of Busniess Admnistration,Beverlie,Rabbatts,Vipe,Masters,1,4,1
International University for Graduate Studies,Aurlie,Rushmare,Twitterbridge,Bachelor,6,3,6
Lewis-Clark State College,Ingeborg,Sharratt,Feedfire,Bachelor,7,10,10
St. Andrew Georgian University,Pearline,Crop,Skynoodle,Bachelor,9,7,2
Kassala University,Olga,Cockshtt,Layo,Bachelor,1,6,3
Rice University,Lyndsie,Figiovanni,Meedoo,Masters,2,2,4
Universidad El Bosque,Rosabel,Kealy,Avavee,Masters,2,3,8
University of New South Wales,Leslie,Fagg,Babbleset,Masters,3,3,7
Politeknik Negeri Pontianak,Griff,Caulcott,Bluejam,Masters,2,6,8
Osmangazi University,Curcio,Rogerson,Flashspan,Bachelor,1,3,5
"Institute of Teachers Education, Melaka ",Yuma,Woolliams,Meevee,Masters,2,1,8
Samara State Technical University,Nollie,Peck,Brightbean,Bachelor,10,3,8
Estonian University of Life Sciences,August,Fowkes,Youtags,Bachelor,8,8,3
Institut des Sciences de l'Ingénieur de Montpellier,Darice,Wayman,Brightdog,Masters,5,6,2
University of Resita,Colin,Yosifov,Blognation,Bachelor,10,4,10
Nagasaki Prefectural University,Annette,Tetther,Abatz,Bachelor,8,3,3
"Fairleigh Dickinson University, Teaneck-Hackensack Campus",Helli,Dockwra,Jaloo,Bachelor,10,5,8
Dublin City University,Allsun,Carde,Brightdog,Bachelor,6,2,4
Princeton University,Glad,Larham,Skinder,Masters,10,6,7
University of Science & Technology Chittagong,Selinda,Tytcomb,Eazzy,Masters,5,9,7
The College of Westchester,Wren,McGinnell,Livetube,Masters,4,6,7
Kabul Medical University,Jeremie,Ewing,Bubbletube,Bachelor,2,4,9
Neijiang Teacher University,Rafferty,Teresia,Yadel,Bachelor,6,2,7
Assam University,Diena,Templeton,Tazzy,Bachelor,2,2,1
Bharathiar University,Gareth,Verrills,Pixope,Bachelor,10,4,10
University of Tirana,Artemas,Tuckwood,Photofeed,Bachelor,8,9,2
Dartmouth College,Leland,Entwisle,Browsedrive,Bachelor,10,10,5
Hachinohe University,Jasmin,Franklin,Roodel,Bachelor,7,3,5
Ecole Supérieure de Commerce de Paris,Carmelia,Mount,Zoovu,Masters,10,9,8
Firat (Euphrates) University,Cobby,Pilkinton,Chatterbridge,Bachelor,3,10,6
Fachhochschule St. Gallen,Siana,De Vaan,Yakijo,Bachelor,10,6,5
Toho College of Music,Essa,Katzmann,Jabbersphere,Bachelor,2,5,3
Al Mansour University College,Sonnie,Daelman,Kimia,Masters,7,5,4
Gebze Institute of Technology,Damita,Dobbie,Miboo,Masters,7,2,4
Universidade Católica de Pelotas,Trula,Harvie,Yambee,Bachelor,3,4,1
Dammam Community College,Oran,Cottle,Mydo,Bachelor,3,8,5
University of Stavanger,Serene,Schruyers,Voolith,Bachelor,3,2,1
Quincy University,Tonya,Peris,Quinu,Masters,1,8,8
University of Milan,Maxy,Hurford,Blogspan,Bachelor,9,3,1
Xi'an Highway University,Sutherlan,Standing,Flipbug,Masters,3,9,4
Waseda University,Riobard,Blinder,Gigazoom,Bachelor,6,7,10
Middle East University,Marcus,Collabine,Wikizz,Masters,1,7,8
ABTI American University of Nigeria,Hadleigh,Jerzak,Twiyo,Bachelor,2,3,3
Taipei Municipal Teachers College,Bee,Antoni,Kanoodle,Bachelor,5,1,1
Earlham College,Lorelei,Manthroppe,Dablist,Bachelor,9,9,10
Kurdistan University of Medical Sciences,Britte,Lantaff,Skyble,Masters,5,3,3
Stockholm School of Economics in Riga,Zarah,Dyble,Fanoodle,Bachelor,4,6,8
Al-Batterjee Medical College,Walden,Falshaw,Roombo,Masters,1,6,2
Graceland College,Gena,Betser,Tavu,Bachelor,1,1,9
University of New Orleans,Rand,Lidgley,Skynoodle,Masters,8,8,2
Universidad Madero,Colleen,Franzonello,Yodel,Masters,9,9,8
University of Petroleum (East China),Zora,Spalls,Livetube,Bachelor,8,7,7
Loyola University New Orleans,Celeste,Chaddock,Twitternation,Masters,9,7,7
"Fachhochschule Biberach, Hochschule für Bauwesen und Wirtschaft",Kimberlyn,Partlett,Centizu,Bachelor,7,6,2
Smolensk State Medical Academy,Sloane,Parramore,Meejo,Masters,3,5,6
Osaka Dental University,Melania,Greste,Linktype,Bachelor,2,7,8
Jinnah University for Women,Marlane,Armin,Realcube,Masters,2,8,9
Korea Maritime University,Lorianne,Cattroll,Babbleblab,Masters,6,8,2
Yarmouk University,Lesya,Skermer,Jabberstorm,Masters,6,5,5
Universidade Federal de Juiz de Fora,Jonas,Yielding,Feedmix,Masters,5,4,10
Indiana University - Northwest,Aluino,Canham,Fanoodle,Bachelor,5,1,6
Asia E University,Lara,Masurel,Jaxnation,Bachelor,10,7,7
World University of Bangladesh,Susy,Burchard,Twitterlist,Masters,3,8,3
The Rockefeller University,Alric,Jumonet,Twitterworks,Masters,9,1,2
Golestan University of Medical Sciences,Averell,Murra,Thoughtbridge,Masters,5,10,1
Technische Universität Clausthal,Riccardo,Shovelin,Aibox,Bachelor,8,3,8
Tama Institute of Management and Information Sciences,Bird,Ingleson,Avaveo,Masters,2,3,5
Liaoning University,Grenville,Wife,Blognation,Bachelor,6,3,4
Universidad de Viña del Mar,Amandie,Bonavia,Kazio,Masters,9,7,8
Al Azhar University,Ambrose,Kid,Plambee,Bachelor,10,6,10
Kilis 7 Aralık University,Worden,Blann,Dabjam,Bachelor,4,8,1
Iran University of Medical Sciences,Frants,Earle,Jabbersphere,Bachelor,9,9,2
North West Frontier Province Agricultural University,Carissa,Scurlock,Thoughtblab,Bachelor,8,10,8
Sultan Ismail Petra International Islamic College,Colman,Grolle,Camido,Bachelor,6,2,3
Avondale College,Anjanette,Prangle,Myworks,Bachelor,3,6,1
Pacific Oaks College,Olag,Leyre,Youfeed,Masters,5,1,5
Universität Flensburg,Kassey,Fassam,Reallinks,Masters,4,3,7
John Brown University,Delilah,Kisbey,Skyvu,Bachelor,1,9,5
Okayama Shoka University,Jade,Bultitude,Shufflester,Masters,9,10,8
Cabrini College,Siusan,Peche,Zava,Bachelor,5,10,1
"Teacher Training College of Revalidation, Rehabilitation and Physical Education",Chloette,Pochin,Livetube,Masters,5,8,4
Agnes Scott College,Maribel,Curtiss,Voonix,Bachelor,2,3,9
Tashkent State Agrarian University,Charity,Ffrench,Skidoo,Masters,9,10,6
University of Ancona,Martin,Jepp,Mudo,Masters,1,8,5
Rice University,Valera,Windley,Twitterbridge,Masters,5,3,8
Glion Institute of Higher Education,Anthe,Farrington,Oyonder,Masters,3,2,8
Open University of Hong Kong,Madel,Sempill,Feedfire,Masters,3,3,9
Ecole Supérieure de Commerce de Toulouse,Petronella,Rollings,Eabox,Masters,2,3,7
Kobe Design University,Merrill,Leather,Twitternation,Bachelor,6,1,7
Hong Kong Institute of Education,Pepillo,Rodgerson,Quinu,Masters,8,5,10
University of Wisconsin - Stout,Thaxter,Zambon,Podcat,Bachelor,2,9,9
Université d'Abobo-Adjamé,Julita,Feeney,Innotype,Bachelor,7,3,9
"School of Oriental and African Studies, University of London",Carlota,Raithmill,Eimbee,Masters,7,8,5
William Carey College,Stoddard,Boundey,Avaveo,Bachelor,2,8,7
University of lloilo,Michel,Battrick,Vinte,Bachelor,8,4,9
Centro de Estudios Investigación y Tecnología (CEIT),Edgard,Gergely,Ozu,Masters,1,7,2
Ukhta State Technical University,Patricio,Lamerton,Eazzy,Bachelor,7,10,8
Fachhochschule Bielefeld,Norry,De Pietri,Realfire,Bachelor,10,5,7
Danish Business Academy,Janessa,Giamelli,Quatz,Masters,1,8,10
Centre d'Etudes Supérieures Industrielles Paris,Agosto,Adamczewski,Quinu,Masters,10,2,2
Shanghai Ouhua Vocational Technical College,Gina,Beautyman,Photolist,Bachelor,2,2,3
Academia Nacional Superior de Orquesta,Bailey,Woloschinski,Twiyo,Bachelor,1,1,4
Fachhochschule für Technik und Wirtschaft Berlin,Wendall,Goundsy,Tazz,Bachelor,3,6,9
Technological Education Institute of Kozani,Katrina,Nuzzi,Photobean,Masters,8,1,8
Turar Ryskulov Kazakh Economic University,Rodie,Paal,Skyba,Bachelor,6,2,8
Wesleyan College,Pancho,Cardero,Topiclounge,Masters,5,1,4
Tokyo International University,Sargent,Gorries,Camimbo,Masters,6,4,7
Emory & Henry College,Josi,Fallis,Skidoo,Masters,6,3,5
Yazd Medical University,Natty,Semorad,Teklist,Masters,6,2,5
Babol University of Medical Sciences,Willdon,Gilcriest,Yodel,Bachelor,1,5,3
Gandhara Institute of Medical Sciences,Avram,Volks,Aimbu,Masters,4,5,2
Universidad Franciscana de México,Bondie,Urch,Yodo,Masters,1,3,5
Szent István University,Cacilie,Yellowley,Vidoo,Masters,6,6,7
Midway College,Yoshiko,Clapham,Innojam,Masters,7,3,1
Kuvempu University,Lynett,Videler,Mynte,Bachelor,5,8,3
"Indian Institute of Technology, Kanpur",Cindee,Lapre,Skyndu,Bachelor,2,1,5
Duale Hochschule Baden-Württemberg,Corri,Leamon,Jabberstorm,Bachelor,4,10,2
Olympia College,Giavani,Molines,Flashdog,Masters,10,7,8
Kameshwar Singh Darbhanga Sanskrit University,Obed,Balston,Thoughtstorm,Masters,8,10,4
Universidad de Castilla La Mancha,Margaretha,Luffman,Flashdog,Masters,6,9,5
Saitama Medical School,Reg,Ouldcott,Vipe,Bachelor,6,3,1
"Concordia College, Selma",Aurore,Lipyeat,Skinte,Masters,6,6,5
University of Nottingham,Tab,Immins,Innotype,Masters,8,4,8
University of Bath,Ulrick,Dach,Brainlounge,Bachelor,2,1,9
Gansu Agricultural University,Clari,Cosgrave,Innotype,Bachelor,7,5,10
University of Transport and Communications,Stephanus,Wedge,Shufflebeat,Bachelor,10,3,10
Voronezh State Agricultural University,Carlynn,Band,Yamia,Bachelor,4,10,6
Universitas Muhammadiyah Makassar,Reggi,McGerraghty,Oyondu,Bachelor,8,3,2
Universidad Braulio Carrillo,Boy,Adger,Quire,Masters,4,3,4
Latvian Academy of Music,Konrad,Courteney,Snaptags,Bachelor,9,1,9
College of Busniess Admnistration,Maggee,Sabban,Skinder,Masters,7,7,6
"Institute Of Technology, Australia",Theresita,Van de Vlies,Tekfly,Bachelor,9,9,10
College of St. Benedict and St. John's University,Murdock,Tawton,Voonix,Bachelor,10,5,9
Agder University College,Carey,Gartside,Edgetag,Bachelor,2,3,9
University of Technical Education Ho Chi Minh City,Brigida,Ellit,Abata,Bachelor,9,9,6
Andhra University,Bryant,Seyfart,Demizz,Bachelor,9,10,7
Culver-Stockton College,Benedikt,Bottomore,Quamba,Bachelor,7,4,10
Maseno University,Winonah,Kennea,Blognation,Bachelor,7,5,10
Universitas Negeri Jakarta,Miranda,Clarridge,Devify,Masters,4,9,3
Komsomolsk-on-Amur State Technical University,Tulley,Rignoldes,Wordtune,Masters,3,2,3
University of Manitoba,Gael,Kupke,Riffpath,Masters,6,4,8
Universidade São Marcos,Juliet,Barbisch,Quaxo,Bachelor,3,6,5
Theatre Academy Finland,Rubi,Kingdom,Gabvine,Masters,4,10,4
Hope College,Herminia,Colwell,Skynoodle,Masters,1,10,1
"Islamic Azad University, Mashhad",Chelsea,Poveleye,Photofeed,Bachelor,8,3,7
University of Pardubice,Jdavie,Stoppe,Gevee,Bachelor,7,3,8
Ahwaz Jondishapour University of Medical Sciences,Wendie,Buten,Wikibox,Masters,3,2,6
Fujian Normal University,Cecilla,Kemmons,Avamm,Bachelor,1,5,6
Mahanakorn University of Technology,Angy,O'Sheeryne,Avaveo,Bachelor,9,10,3
Kyoto Institute of Technology,Isis,Oliva,Fiveclub,Bachelor,10,7,5
Sadat Academy for Management Sciences,Timmie,Saban,Linklinks,Masters,5,8,9
New York Law School,Molli,Carbert,Bluejam,Bachelor,5,4,2
Catholic University of Eastern Africa,Cesar,Curman,Devify,Masters,6,1,10
Brussels Management School (ICHEC),Bonnie,Gillott,Vitz,Bachelor,9,10,5
Martin Methodist College,Justus,Gresswood,Tazz,Masters,6,6,6
University of the City of Manila,Saunder,Lorand,Flashdog,Masters,4,1,7
Nagasaki University,Warde,Kasperski,Skiptube,Bachelor,5,8,4
Universidad Adventista de Bolivia,Gerda,Shatford,Avaveo,Bachelor,8,6,6
Kurukshetra University,Peri,Pendlenton,Dabtype,Masters,7,4,10
Miles College,Fifine,Renoden,Eayo,Masters,7,2,1
Université de Bamenda,Cary,McPike,Blogtags,Bachelor,2,5,2
Universidad Nacional de Jujuy,Austen,Mateja,Youbridge,Masters,1,4,3
"Institute of Germanic Studies, University of London",Stacie,Santos,Thoughtbeat,Masters,5,1,1
St. Mary's University of San Antonio,Margy,Louthe,Wikivu,Bachelor,8,7,2
Technische Fachhochschule Berlin,Meryl,Lavies,Eare,Bachelor,10,8,1
Help University College,Nolly,McShane,Feedfire,Bachelor,4,5,5
Universidad Tecnológica de El Salvador,Kara,Barhem,Zoonoodle,Bachelor,1,8,7
University of the Ozarks,Trenna,Woodfin,Thoughtbridge,Masters,9,10,8
University of Leicester,Doretta,Dowd,Photofeed,Bachelor,8,3,8
Morehouse College,Jolie,Penman,Meembee,Masters,9,8,2
Johnson & Wales University,Lissy,Scolland,Brainbox,Masters,9,3,6
City University,Abigale,Croshaw,Skivee,Bachelor,4,9,9
"Institute of Teachers Education, Kota Bharu",Riva,Chasmor,Photojam,Bachelor,8,9,9
Shanghai Dainji University,Chelsae,Holtham,Voomm,Bachelor,6,2,1
Chiang Mai University,Nady,Rannigan,Flashspan,Bachelor,7,2,1
Beth-El College of Nursing and Health Sciences,Del,Adamkiewicz,Jabbersphere,Masters,5,8,2
Universidad Autónoma de Colombia,Grover,MacTrustram,Bluejam,Masters,7,2,10
Fukuoka Women's University,Milton,Elwood,Mycat,Bachelor,2,8,1
Alabama State University,Julius,Barthram,Kwinu,Masters,5,6,3
Université de Bouaké,Hesther,Caughte,Realcube,Masters,9,10,3
"Institute of Teachers Education, Darul Aman",Leelah,Presley,Yata,Bachelor,8,3,4
Azzahra University,Vite,Bagott,Meeveo,Masters,9,8,6
American University College of Technology,Jaimie,Bwy,Skiptube,Masters,4,9,7
Komazawa University,Rozamond,Jutson,Digitube,Bachelor,6,2,9
Jilin Agricultural University,Morgen,Rushton,Twitterbridge,Masters,9,8,5
Catholic University of Taegu-Hyosung,Hana,Crotch,Latz,Bachelor,9,5,3
Thapar Institute of Engineering and Technology,Devinne,Magowan,Tagchat,Masters,7,10,2
Marij State University,Shirl,Bleasdille,Skinte,Masters,7,10,7
Fort Lewis College,Sterling,Dolman,Topicstorm,Bachelor,6,7,4
Azerbaijan Diplomatic Academy,Ulrike,Laxen,Thoughtblab,Bachelor,7,8,1
Doshisha Women's College of Liberal Arts,Renard,McCutcheon,Jazzy,Masters,5,5,1
Campion College,Leanna,Wigmore,Photojam,Bachelor,2,6,5
"Institute of Teachers Education, Perlis",Kaitlynn,Confort,Kaymbo,Bachelor,5,7,7
"Institute of Commonwealth Studies, University of London",Danya,Botham,Fivespan,Bachelor,4,6,8
Bond University,Querida,Dolling,Livetube,Masters,3,10,9
University of SV Cyril and Methodius in Trnava,Craggy,Caveau,Divanoodle,Masters,8,7,10
Volgograd State Pedagogical University,Pacorro,Blackie,Photobug,Masters,4,5,9
Fundación Universitaria de Boyacá,Leoine,McWhan,Photobug,Masters,3,2,6
Cork Institute of Technology,Zarah,Cortes,Tavu,Bachelor,2,10,1
Centro Universitário Adventista de São Paulo,Lilla,Challenger,Youfeed,Bachelor,8,3,3
Instituto Superior de Línguas e Administração,Patric,Goburn,Thoughtbeat,Bachelor,9,1,6
Birsk State Pedagogical Institute,Jojo,Sutherland,Plambee,Masters,1,7,2
Wesley University of Science and Technology,Bentley,Barmby,Mydo,Masters,9,2,4
Capital University Law School,Bobbee,Dorcey,Blogpad,Masters,6,6,2
University of Findlay,Kasey,Allmark,Tagtune,Masters,5,7,2
Mogilev State University A.A. Kuleshov,Lucky,Gibbeson,Lajo,Masters,8,5,4
National College for Medical and Technical Studies,Karlis,Egle of Germany,Kwilith,Bachelor,1,9,8
Grenoble Ecole de Management,Annaliese,West-Frimley,Voonix,Masters,6,7,6
Royal University of Fine Arts,Tuck,Lowdham,Izio,Bachelor,4,4,9
Technische Universität Bergakademie Freiberg,Sean,Syfax,Brainbox,Bachelor,5,10,4
Can-Tho University,Drake,Polotti,Devcast,Masters,3,2,10
Belarussian State Economic University,Meryl,Woods,Fivebridge,Bachelor,9,2,8
Universidad Nacional de La Plata,Charlotta,Tullett,Eimbee,Masters,2,3,4
University of Munawwar-ul-Islam,Blisse,Kener,Meevee,Masters,3,8,8
Chonnam National University,Gardener,Caulder,Kwideo,Bachelor,6,4,2
Texas A&M University - Galveston,Ophelie,Woodyear,Skyble,Masters,9,5,4
Simon Fraser University,Vinny,Walas,Eadel,Bachelor,9,1,3
William Woods University,Trey,Tuxsell,Photobug,Bachelor,10,1,2
University of Waterloo,Baxy,Lightbody,Devpulse,Masters,10,4,10
College of Osteopathic Medicine of the Pacific (Western University of Health Sciences),Claudia,Weathers,Tanoodle,Masters,1,3,6
Victoria International University,Uriel,Reilly,Twimm,Bachelor,6,8,4
Universidade Federal de Ouro Preto,Ruprecht,Meo,Dynazzy,Masters,9,3,3
Finlandia University,Bambie,Rillett,Skalith,Masters,1,9,5
Medical Academy in Lublin,Carree,Dutson,Brightdog,Bachelor,1,3,5
Iceland University of Education,Vladimir,Desorts,Skyvu,Bachelor,1,6,3
Fachhochschule Augsburg,Corrie,Foakes,Edgetag,Masters,7,2,9
Bishkek Humanities University,Yvor,Hateley,Digitube,Masters,3,3,5
Musashino Women's University,Windham,Hargrove,Devify,Bachelor,3,9,9
Osaka University,Emmerich,Christophle,Rhyloo,Bachelor,1,1,3
"Islamic Azad University, Shabestar",Jami,Nugent,Wikido,Masters,5,9,9
Université Chrétienne du Nord d'Haiti,Lukas,Simeon,Dabjam,Bachelor,6,2,9
World Maritime University,Ann-marie,Wisbey,Meemm,Bachelor,7,9,7
Universidad del Valle de Guatemala,Emmanuel,Itzchaki,Flashspan,Bachelor,10,1,2
Institute of Business & Technology,Manon,Ciccarelli,Trunyx,Masters,10,2,2
Centro Universitário Barao de Maua,Jelene,Echelle,Buzzshare,Masters,6,4,5
Ganja State University ,Kristine,Aland,Blogspan,Bachelor,5,9,4
Allama Iqbal Open University,Kirsteni,Loader,Tazz,Bachelor,6,4,4
Universidade Metropolitana de Angola,Salim,Hukin,Youtags,Bachelor,7,9,6
Universität Bremen,Viviyan,Labell,Zoombox,Bachelor,7,7,10
Mu' tah University,Ezequiel,Cokly,Rhynoodle,Bachelor,6,1,10
"Federal University of Technology, Yola",Midge,Cleef,Ntag,Bachelor,4,5,10
Murray State University,Cleopatra,Yeeles,Photospace,Masters,5,3,3
"DeVry Institute of Technology, Decatur",Ruth,Pretti,Livetube,Bachelor,3,9,3
University of Peradeniya,Kyla,Pinor,Tekfly,Masters,5,5,1
National Aviation Univesity,Wendi,Spuner,Topiclounge,Masters,9,2,8
Universidad Nacional de Luján,Sarina,Argente,Skipstorm,Masters,8,5,9
Ecole Supérieure d'Electricité,Lorna,Ridsdell,Fiveclub,Masters,7,10,3
University of Applied Sciences Chur,Alexine,Spraberry,Yodoo,Masters,1,2,5
Hanoi University of Science & Technology,Alidia,Ricard,Demimbu,Masters,9,3,9
University of Missouri - Saint Louis,Frans,Terbrug,Youfeed,Masters,7,8,8
STMIK Sinar Nusantara,Buddy,Clapperton,Voomm,Masters,9,1,2
Greenford International University,Harriot,Tottem,Oyoloo,Masters,7,7,4
"Evangelische Fachhochschule für Sozialpädagogik der ""Diakonenanstalt des Rauhen Hauses"" Hamburg",Elvera,McLaren,Browsetype,Bachelor,10,4,8
Lafayette College,Nealy,Depke,Youopia,Bachelor,3,2,8
Paktia University,Kipp,Dissman,Lajo,Masters,8,6,7
Universidad Nacional Santiago Antúnez de Mayolo,Giuditta,Perrett,Teklist,Masters,3,1,3
Shri Lal Bahadur Shastri Rashtriya Sanskrit Vidyapeetha,Umeko,Barok,Twitterworks,Masters,3,4,3
Southwest University,Anatollo,McCandless,Omba,Bachelor,1,7,9
"Islamic Azad University, Shirvan",Linnet,Tipler,Feedmix,Bachelor,2,3,6
Kigali Independent University,Graeme,Dodshun,Browsebug,Masters,4,3,2
Thapar Institute of Engineering and Technology,Pauletta,Yelden,Agivu,Bachelor,5,7,1
Tokyo Engineering University,Astrid,Hustings,Skalith,Bachelor,4,3,7
University of Mustansiriyah,Yetta,Newlan,Youspan,Bachelor,5,9,4
Universidade Federal do Pará,Alyosha,MacCheyne,Twiyo,Masters,2,6,1
Lee University,Dilly,Antcliffe,Vipe,Masters,5,5,6
Universidade da Beira Interior,Hinze,Wharlton,Omba,Masters,7,6,5
Chittagong University of Engineering and Technology,Kailey,Crossthwaite,Riffwire,Masters,7,10,6
Graduate University for Advanced Studies,Godfrey,Charrington,Realpoint,Bachelor,6,9,5
Ufa State Institute of Arts,Cherianne,Oosthout de Vree,Livetube,Bachelor,10,4,5
Ionian University Corfu,Barbara,Ashington,Yadel,Bachelor,2,2,4
Pontificia Università della Santa Croce,Selby,Taffee,Jabbertype,Bachelor,1,2,10
University of Tennessee Space Institute,Buckie,Caurah,Oyonder,Bachelor,9,10,4
Evangelische Fachhochschule Ludwigshafen Hochschule für Sozial- und Gesundheitswesen,Nonnah,Benneyworth,Kaymbo,Bachelor,8,5,3
Technical University of Budapest,Nealy,Bowdery,Jaloo,Bachelor,7,9,9
King Mongkut's University of Technology North Bangkok,Ker,Owain,Tazzy,Bachelor,9,10,2
Mount Mary College,Michaela,Condie,Zazio,Masters,4,9,1
Lakehead University,Margot,Phillipps,Layo,Bachelor,3,3,1
Science University of Tokyo,Adeline,Durnill,Kwimbee,Bachelor,2,9,10
Université Senghor d'Alexandrie,Nanni,Serraillier,Tagcat,Masters,7,5,9
"Taylor University, Fort Wayne Campus",Rupert,Chazelas,Aimbu,Masters,4,6,4
Blue Mountain College,Aleece,Zorzetti,Feedfire,Bachelor,5,10,6
Ecole Nationale Supérieure de Biologie Appliquée à la Nutrition et à l'Alementation,Rusty,Lemmer,Meemm,Bachelor,3,6,3
Kyungsung University,Garry,Burness,Zoomzone,Masters,5,10,8
Southwest Missouri State University,Monroe,Mar,Eamia,Masters,5,8,7
University of Texas,Christophe,Paolo,Feedfish,Masters,9,7,6
"Evangelische Fachhochschule für Religionspädagogik, und Gemeindediakonie Moritzburg",Nolly,Knuckles,Shuffledrive,Masters,1,10,7
University of Southern Queensland,Audrie,Risom,Photolist,Masters,1,5,6
Oglala Lakota College,Sollie,Huot,Gigabox,Masters,9,5,7
Wayne State University,Holly,Wilbud,Meeveo,Masters,1,8,6
Barat College,Hank,Staveley,Topicstorm,Bachelor,4,10,6
Hamilton College,Tamar,Burnep,Latz,Masters,3,5,10
University of Tabuk,Leeanne,Kruger,Oyondu,Bachelor,6,3,1
"Institute of Advanced Legal Studies, University of London",King,Filipyev,Voomm,Bachelor,8,10,8
Chonbuk National University,Godiva,Draijer,Flipstorm,Masters,5,1,5
Kuban State University of Agriculture,Filia,Barritt,Avamba,Bachelor,6,7,7
Mississippi State University,Hazlett,O'Scollee,Babbleopia,Bachelor,3,1,6
Rust College,Eduardo,Vecard,Thoughtblab,Bachelor,5,8,8
National Hualien Teachers College,Kelby,Gerb,Kayveo,Bachelor,10,10,2
Khana-e-Noor Institute of Higher Education,Othilie,Wishart,Tanoodle,Bachelor,10,8,2
"University of Perpetual Help, System Dalta",Sherwin,Niesegen,Wordware,Masters,3,7,9
Pennsylvania Academy of the Fine Arts,Natalie,Kenchington,Skynoodle,Bachelor,3,2,2
"New Era College of Arts, Science & Technology",Murry,Dobbson,Yoveo,Masters,7,2,5
Universitas Islam Nusantara,Ingar,MacVicar,Kamba,Masters,10,10,9
Washington Bible College,Cristian,Holburn,Pixope,Bachelor,1,4,4
Dr. Panjabrao Deshmukh Krishi Vidyapeeth,Bartholemy,Gorvin,Babbleset,Masters,7,6,8
Internationale Fachhochschule Bad Honnef,Caleb,Farfalameev,Yodo,Bachelor,1,9,5
Politeknik Negeri Padang,Ede,Scarsbrook,Tanoodle,Bachelor,10,5,1
Holmes Institute,Konrad,Mosedall,Eamia,Bachelor,3,5,8
Dow University of Health Sciences,Jerald,Parman,Yabox,Masters,9,7,7
Fachhochschule Worms,Leigh,Furminger,Jaxnation,Bachelor,1,9,8
Belarussian State Medical University,Babette,Bardell,Chatterbridge,Bachelor,1,4,7
Aga Khan University,Dorree,Brozsset,Yotz,Masters,8,5,10
Moscow State University of Ecological Engineering,Sabra,Trapp,Linklinks,Bachelor,6,2,5
Corporación Universitaria de Santander (UDES),Bernie,Vellender,Gabtune,Bachelor,7,9,8
Veer Kunwar Singh University,Rae,Trude,Photobug,Bachelor,6,9,3
Lagos City Polytechnic,Mikaela,Jackling,LiveZ,Masters,6,8,10
Fatima mata national college kollam kerala,Saba,Peyro,Yamia,Masters,3,3,3
Université de Sidi-Bel-Abbès (Djillali Liabès),Clair,Samweyes,Mymm,Bachelor,2,4,10
Chongqing Telecommunication College,Dania,Solley,Voonder,Masters,7,6,5
Ohio Dominican College,Eduardo,Oliver-Paull,Kwimbee,Masters,3,5,8
International University of Japan,Bette,MacGahey,Aimbo,Masters,2,9,4
Osaka City University,Alvis,Dalzell,Meetz,Masters,4,4,8
"Rochester Institute of Technology, Dubai",Baxter,Vousden,Chatterpoint,Bachelor,1,10,7
Mara Poly-Tech College,Dyanna,MacAne,Einti,Bachelor,10,8,5
ITT Technical Institute Fort Wayne,Gertrudis,Ditzel,Layo,Bachelor,8,7,9
Posts & Telecommunications Institute of Technology,Franciskus,Gasquoine,Flashpoint,Masters,4,5,3
Kanagawa Institute of Technology,Valdemar,Tithacott,Rhybox,Bachelor,1,10,8
Universidad Tecnológica Indoamérica,Jarrod,Wildman,Oyondu,Bachelor,7,10,7
Rockhurst College,Rolfe,Barter,Wikizz,Bachelor,3,6,5
Western States Chiropractic College,Lea,Castelli,Brightbean,Bachelor,3,1,2
University of Northern Philippines,Reginauld,Tern,Gigazoom,Masters,6,6,4
"Royal College of Music, University of London",Kendre,Paxforde,Latz,Masters,5,3,7
Brigham Young University,Cherilynn,Kemery,Ntags,Bachelor,6,8,6
Al-Imam Mohamed Ibn Saud Islamic University,Kasper,Friberg,Dabtype,Bachelor,10,1,1
College of DuPage,Caty,Dawidowitsch,Oyondu,Bachelor,6,9,4
College of William and Mary,Lainey,Benthall,Mydo,Masters,9,4,2
Shanghai Television University,Rowland,Madrell,Topiclounge,Bachelor,7,4,1
Novena University,Townie,Lilford,Innotype,Bachelor,6,6,6
Mid-Sweden University,Annabela,McMoyer,Agivu,Bachelor,8,7,10
University of Indianapolis,Artair,Pleasance,Izio,Bachelor,2,7,5
Rajitlal Institute of Technology & Health Sciences (RITHS),Ertha,Coolbear,Kayveo,Bachelor,8,9,4
Universidad Champagnat,Guntar,Pearde,Kamba,Masters,3,7,4
Ecole Nationale d'Ingénieurs des Travaux Agricoles de Bordeaux,Terence,Wyrill,Fadeo,Bachelor,2,10,5
Pázmány Péter Catholic University,Audy,Cullingworth,Livepath,Masters,5,4,5
Evangelische Fachhochschule Rheinland-Westfalen-Lippe,Rhea,Tarbert,Demivee,Bachelor,5,3,8
Kuwait University,Elnar,O'Hdirscoll,Riffwire,Bachelor,10,9,7
University of Gujrat,Dalton,Monnoyer,Voomm,Bachelor,8,9,9
Ch. Charan Singh University,Jessey,Moulton,Oloo,Masters,5,8,4
Université de Caen Basse Normandie,Rog,Conduit,Quimm,Bachelor,4,9,2
University of Dhaka,Elane,Spurdens,Muxo,Masters,9,2,3
Temple University Japan,Kylie,Darkott,Latz,Masters,6,2,8
Universitas Negeri Semarang,Boycie,De Fraine,Avamm,Bachelor,4,8,10
Bergen University College,Boone,Denkel,Shuffletag,Bachelor,8,4,8
Universitas Gadjah Mada,Whittaker,Bresson,Voolia,Bachelor,4,6,3
University of Batangas,Lindsy,Wilkowski,Buzzdog,Masters,10,7,3
Huntington College,Claudina,Tasch,Ntag,Bachelor,3,2,2
Azerbaijan Technology University,Hammad,Bockmann,Quinu,Masters,6,10,8
"City University of New York, Hunter College",Jarrett,Braid,Realmix,Masters,10,6,4
Hanoi University of Civil Engineering,Shirleen,Dilkes,Voomm,Masters,10,4,2
Southeastern Baptist College,Lauraine,Hearthfield,Photobug,Masters,8,5,10
University of Banja Luka,Olly,Pettingill,Zoombox,Masters,2,1,7
Universidad Católica de Salta,Yance,Gouly,Dabtype,Masters,1,10,3
Hyupsung University,Rozanna,Ruddock,Zoomzone,Masters,10,6,8
Universidad Católica de Salta,Herminia,Hurle,Edgeify,Bachelor,8,7,6
Johnson & Wales University,Jayme,Pettingall,Skibox,Masters,6,5,5
Maasai Mara University,Shell,Heinle,Skynoodle,Bachelor,1,3,8
Chongqing Normal University Foreign Trade and Business College,Claire,Torvey,Vipe,Masters,3,3,3
Mooreland University,Roi,Marian,Twitterwire,Masters,10,10,9
University of Moratuwa,Rafferty,Wittey,Zoombox,Bachelor,4,2,5
Walter Sisulu University for Technology and Science,Nelson,Cotte,Quatz,Bachelor,9,8,2
Universidad Nacional Siglo XX Llallagua,Inglebert,Couche,Yotz,Bachelor,4,10,10
Higher School of Psychology,Bentley,Clowney,Kazu,Bachelor,1,5,10
Université de Bamako,Georgette,Bollam,Gabcube,Masters,1,1,7
Takamatsu University,Arne,Beavon,Bluejam,Bachelor,2,1,8
Divine Word University,Korney,St. Clair,Jaxnation,Masters,1,5,2
Columbia College of Missouri,Denney,Sallenger,Quaxo,Masters,7,2,8
Lincoln University Pennsylvania,Carr,Skirvin,Rhycero,Bachelor,2,1,5
"European University, Athens Campus",Garek,Carleman,Vitz,Bachelor,3,10,6
Universidad Adventista de Centro América,Eldridge,Ethersey,Mymm,Bachelor,7,8,3
Adiban Higher Education Institue,Nikolai,Crispe,Oyope,Masters,8,9,3
Universidad de Tarapacá,Ursulina,Huggard,Wordtune,Bachelor,10,8,10
College of Technology at Dammam,Bartlett,Hanburry,Kwideo,Bachelor,8,4,3
Qingdao University,Janessa,Roubert,Dynazzy,Bachelor,6,1,8
Fine Arts Academy in Wroclaw,Ferne,Boliver,Jaxbean,Masters,5,9,5
Pedagogical University of Rzeszow,Rustin,Sacchetti,Oyoba,Bachelor,7,2,8
William Tyndale College,Eran,Mathevet,Skibox,Bachelor,6,2,1
Iceland Academy of the Arts,Kirsteni,Durek,Dabtype,Bachelor,5,3,9
University Institute of Oriental Studies,Dore,Dugald,Jaloo,Masters,1,6,2
South Asian University,Nariko,Clubb,Realpoint,Masters,2,10,6
Perak Islamic College,Marcella,Meindl,Oyope,Masters,5,9,4
University of Brescia,Robbi,Gyves,Yadel,Bachelor,3,2,7
Kharkiv National University of Economics,Monroe,Keiley,Zoombox,Bachelor,4,8,5
Eiilm University,Myrtia,Wagge,Skivee,Masters,9,5,4
Northeastern State University,Sadye,Willett,Topiczoom,Masters,5,1,7
Bemidji State Univeristy,Rafi,Towll,Leexo,Bachelor,9,8,10
Universidade do Sagrado Coração,Elga,MacGowing,Blogtag,Bachelor,8,1,8
Université de Biskra,Christoper,Seville,Photolist,Masters,1,5,4
The Naropa Institute,Iris,Braybrook,Aimbo,Masters,1,10,7
Arab Academy for Banking and Financial Sciences,Marita,Bulfield,Jabberstorm,Bachelor,7,2,9
Fukui Medical School,Jess,Le Surf,Brainsphere,Masters,8,9,9
 Huaihua University,Tiebout,Zavattari,Omba,Masters,9,7,10
Kerman Graduate University of Technology,Kylynn,Cumes,Skibox,Masters,3,5,7
Ecole Supérieure de Commerce de Sophia Antipolis,Camilla,Chmarny,Wikizz,Bachelor,9,8,8
Huron University College,Mae,Vernalls,Zoomlounge,Bachelor,10,8,4
Universidad la Concordia,Viviana,Gresham,Katz,Masters,9,7,5
Universidade Federal de Santa Catarina,Brant,Van T'Hoog,Zoomcast,Masters,1,3,1
Escuela Politécnica de Chimborazo,Kittie,Knox,Bluezoom,Bachelor,4,5,9
People' s Friendship University of Russia,Gaultiero,Arpe,Brightbean,Bachelor,5,9,7
Göteborg University,Aile,Gothard,Shuffletag,Masters,5,9,4
Ho Chi Minh City University of Technology,Ailis,Tousy,Centimia,Masters,1,9,10
Northwestern College Iowa,Agneta,Francke,Roomm,Masters,9,2,2
St. Louis College of Pharmacy,Melisande,Wormald,Rooxo,Masters,1,4,1
Universidad Nacional de San Juan,Marcus,Crinson,Skinder,Masters,1,4,3
Tokyo University of Mercantile Marine,Karylin,Wybrew,Thoughtblab,Bachelor,6,9,7
College of the Atlantic,Gilligan,Fowgies,Yambee,Masters,6,9,7
College of Dunaujvaros,Stafford,Quartly,Eamia,Masters,4,5,8
Universiti Malaysia Sabah,Agnes,Dirand,Mita,Masters,7,8,2
Catholic Theological Union,Irv,Arents,Jabbersphere,Bachelor,7,10,5
Maasai Mara University,Randa,Turvie,Aivee,Bachelor,9,5,4
Universidad Católica de Santiago de Guayaquil,Cordula,Ayllett,Jayo,Masters,9,7,1
Universidad Nacional de Educación Enrique Guzmán y Valle,Nananne,Bilofsky,Jaloo,Bachelor,2,4,3
University of San Carlos,Ernesta,Koba,Babbleopia,Bachelor,1,2,3
Shaheed Zulifkar Ali Bhutto Institute of Science and Technology,Elene,Garrould,DabZ,Bachelor,8,6,5
Sul Ross State University,Knox,Troyes,Divanoodle,Masters,5,4,9
Beppu University,Korey,Hussey,Gigazoom,Bachelor,5,10,2
Shukutoku University,Lanita,Mapplethorpe,Plambee,Masters,9,2,9
Marshall University,Waldemar,Brogden,Kayveo,Bachelor,5,6,7
Aegean University,Salvidor,Gerrels,Twimbo,Bachelor,6,2,8
Ecole Nationale Supérieure de Techniques Avancées,Leora,Helversen,Yozio,Masters,6,7,3
Indiana Wesleyan University,Pippa,Swafield,Topiczoom,Masters,10,10,5
"Institute of Teachers Education, Ilmu Khas",Dorise,Matysiak,Meembee,Masters,7,2,3
Atilim University,Dexter,Striker,Agivu,Masters,2,2,9
Agricultural University of Athens,Dorie,Cressor,DabZ,Bachelor,4,2,1
Centenary College of Louisiana,Rodrick,Dike,Bluezoom,Bachelor,2,1,4
Yasar University,Genny,Windsor,Geba,Bachelor,8,2,7
The Queen's University Belfast,Sapphire,Ivanikhin,Voonte,Masters,10,9,10
Universidad de Santiago de Compostela,Zeke,Greenan,Twimbo,Masters,6,6,8
"DeVry Institute of Technology, Irving",Blane,Frickey,Realcube,Masters,2,7,3
Pennsylvania State University at Erie - Behrend College,Sydney,Greger,Agivu,Masters,10,8,7
University of the South Pacific,Wendi,Thirlwell,Twimm,Bachelor,3,6,8
Université de Technologie de Compiègne,Diannne,Sahnow,Mita,Masters,7,10,1
Bayerische Julius-Maximilians-Universität Würzburg,Jed,Klossmann,Browsedrive,Masters,7,10,3
Universität Liechtenstein,Angelico,Witch,Gigaclub,Bachelor,4,2,10
Nuclear Institute for Agriculture and Biology (NIAB),Emmett,Stollenbeck,Browsedrive,Bachelor,5,6,6
Tzu Chi College of Medicine and Humanities,Jemmy,Dealy,Quatz,Masters,4,6,1
University of Nebraska - Omaha,Pierce,Heathwood,Shufflebeat,Bachelor,4,3,8
Nelson Mandela Metropolitan University,Spencer,Palmby,Bubbletube,Bachelor,4,8,5
Shanghai Customs College,Massimiliano,Branchet,Jayo,Bachelor,10,8,4
Sabanci University,Curcio,Kike,Voonix,Bachelor,8,8,10
Universidad Católica Popular del Risaralda,Mariana,Peascod,Blognation,Bachelor,2,3,6
"Bowling Green State University, Firelands",Aubrey,Lax,Ainyx,Bachelor,3,5,8
University of Development Alternative,Delores,Dahle,Flashspan,Masters,2,7,4
Universidad Católica Santa María La Antigua,Ambrose,Jest,Jaxworks,Masters,6,1,10
Showa College of Pharmaceutical Sciences,Marcie,Trew,Oozz,Masters,7,5,8
Hiroshima Prefectural University,Shannon,Gather,Photofeed,Bachelor,5,4,2
University of New York Tirana,Rodrigo,Fleming,Realcube,Masters,6,5,8
Georgian Court College,Trent,Kermitt,Blogtag,Masters,8,9,5
